YP_005454241.1	YP_005454241.1
YP_009256202.1	YP_009256202.1
YP_009944307.1	YP_009944307.1
YP_009944307.1	YP_009944336.1
YP_009944307.1	YP_009944338.1
YP_009944307.1	YP_009513019.1
YP_009130641.1	YP_009130641.1
YP_009130641.1	YP_009505581.1
YP_009130641.1	YP_803213.1
YP_009666306.1	YP_009666306.1
YP_009755864.1	YP_009755864.1
YP_010800017.1	YP_010800017.1
YP_010800017.1	YP_009142790.1
YP_010800017.1	YP_010800010.1
YP_010800017.1	YP_010800026.1
YP_010800017.1	YP_009344973.1
YP_010800017.1	YP_009755881.1
YP_010800868.1	YP_010800868.1
NP_045299.2	NP_045299.2
NP_045299.2	YP_003029844.1
NP_045299.2	YP_009824978.1
NP_045299.2	YP_173236.1
NP_045299.2	YP_009555238.1
NP_045299.2	NP_150073.3
NP_045299.2	YP_005454239.1
NP_045299.2	YP_009755832.1
NP_045299.2	YP_209229.2
NP_045299.2	YP_009113022.1
NP_045299.2	YP_001039961.1
NP_045299.2	YP_009824989.2
NP_045299.2	YP_001039952.1
NP_045299.2	YP_009361856.2
NP_045299.2	YP_009513008.1
NP_045299.2	YP_001039970.1
NP_045299.2	YP_009047202.1
NP_045299.2	YP_007188577.3
NP_045299.2	YP_009273004.1
NP_045299.2	YP_001718603.1
NP_045299.2	YP_004070193.2
NP_045299.2	YP_009256195.1
NP_045299.2	YP_010799342.1
NP_045299.2	YP_009201729.1
NP_045299.2	YP_010037473.1
NP_045299.2	YP_009824965.1
NP_045299.2	YP_010037467.1
NP_045299.2	YP_003766.2
NP_045299.2	YP_009328933.1
NP_045299.2	YP_001718610.1
NP_045299.2	YP_009755889.1
NP_045299.2	YP_009199789.1
NP_045299.2	YP_009336483.1
NP_045299.2	YP_010037559.1
NP_045299.2	YP_010799723.1
NP_045299.2	YP_010799729.1
NP_045299.2	NP_598309.2
NP_045299.2	YP_008439200.1
NP_045299.2	YP_009824973.1
NP_045299.2	YP_009389424.1
NP_045299.2	YP_001552234.1
NP_045299.2	YP_009200734.1
NP_045299.2	NP_058422.1
NP_045299.2	YP_006908641.2
NP_045299.2	YP_009199608.1
NP_045299.2	YP_009019180.1
NP_045299.2	YP_001351683.1
NP_045299.2	YP_009072438.1
NP_045299.2	YP_009724389.1
NP_045299.2	YP_003858583.1
NP_045299.2	NP_828849.7
YP_209239.1	YP_209239.1
YP_001941172.1	YP_001941172.1
YP_001941172.1	YP_009825003.1
YP_001941172.1	NP_040836.1
YP_001941172.1	YP_009825014.1
NP_839961.1	NP_839961.1
NP_839961.1	YP_008439218.1
NP_839961.1	NP_835348.1
NP_839961.1	YP_009825035.1
NP_839961.1	YP_009755916.1
NP_839961.1	YP_001941180.1
NP_839961.1	NP_740625.1
NP_839961.1	YP_009944275.1
NP_839961.1	YP_009944260.1
NP_839961.1	YP_009924363.1
NP_839961.1	YP_009924325.1
NP_839961.1	YP_009924337.1
NP_839961.1	YP_009915679.1
NP_839961.1	YP_209250.1
NP_839961.1	YP_459938.1
NP_839961.1	YP_009924374.1
NP_839961.1	YP_009924348.1
NP_839961.1	YP_009924415.1
NP_839961.1	YP_009915694.1
NP_839961.1	YP_009555259.1
NP_839961.1	YP_009944331.1
NP_839961.1	YP_009944360.1
NP_839961.1	YP_009944287.1
NP_839961.1	YP_009742614.1
NP_839961.1	YP_009047235.1
NP_839961.1	NP_828865.1
NP_839961.1	YP_009944372.1
NP_839961.1	YP_009944316.1
NP_839961.1	YP_009944298.1
NP_839961.1	YP_009944345.1
NP_839961.1	YP_009725303.1
NP_839961.1	YP_009924389.1
NP_839961.1	YP_009047219.1
YP_006950436.1	YP_006950436.1
YP_009825060.1	YP_009825060.1
YP_173237.1	YP_173237.1
YP_173237.1	YP_005454244.1
YP_173237.1	YP_009555240.1
YP_173237.1	NP_150076.1
YP_173237.1	YP_009755833.1
YP_173237.1	YP_009113024.1
YP_173237.1	YP_003029847.1
YP_173237.1	YP_209232.1
YP_173237.1	YP_009380539.1
YP_173237.1	YP_337909.1
YP_173237.1	YP_010801053.1
YP_173237.1	YP_008798234.1
YP_005454242.1	YP_005454242.1
YP_009256203.1	YP_009256203.1
YP_009256203.1	YP_009019189.1
YP_009256203.1	YP_004070201.1
YP_009130642.1	YP_009130642.1
YP_009130642.1	YP_010800007.1
YP_009130642.1	YP_009408170.1
YP_009130642.1	YP_010800870.1
YP_009130642.1	YP_009666260.1
YP_009130642.1	YP_010800014.1
YP_009130642.1	YP_010800022.1
YP_009130642.1	YP_010800878.1
YP_009551452.1	YP_009551452.1
YP_009755865.1	YP_009755865.1
YP_010800018.1	YP_010800018.1
YP_009742610.1	YP_009742610.1
YP_009742610.1	YP_009944368.1
YP_009742610.1	YP_009725299.1
YP_009742610.1	NP_828862.2
YP_009742610.1	YP_009924333.1
YP_009742610.1	YP_009915675.1
YP_009742610.1	YP_009924344.1
YP_009742610.1	YP_009915690.1
YP_009742610.1	YP_009944283.1
YP_009742610.1	YP_009047231.1
YP_009742610.1	YP_009944294.1
YP_009742610.1	YP_009047215.1
YP_009742610.1	YP_009944312.1
YP_009742610.1	YP_009944327.1
YP_009742610.1	YP_009555248.1
YP_009742610.1	YP_009924321.1
YP_009742610.1	YP_209246.1
YP_009742610.1	YP_009924359.1
YP_009742610.1	YP_009924370.1
YP_009742610.1	YP_009924411.1
YP_009742610.1	YP_009944256.1
YP_009742610.1	YP_009944341.1
YP_009742610.1	YP_009944356.1
YP_009742610.1	YP_009924385.1
YP_009742610.1	YP_460024.1
YP_009742610.1	YP_009944271.1
YP_010800869.1	YP_010800869.1
NP_705583.1	NP_705583.1
YP_009915698.1	YP_009915698.1
YP_009915698.1	YP_009824980.1
YP_009915698.1	YP_003029846.1
YP_009915698.1	YP_209231.1
YP_009915698.1	YP_009113023.1
YP_009915698.1	NP_150075.1
YP_009915698.1	YP_009555239.1
YP_006950437.1	YP_006950437.1
YP_173238.1	YP_173238.1
YP_173238.1	YP_001039953.1
YP_173238.1	YP_001039962.1
YP_173238.1	YP_009513010.1
YP_173238.1	YP_009361857.1
YP_173238.1	YP_009555241.1
YP_173238.1	YP_005454245.1
YP_173238.1	NP_150077.1
YP_173238.1	YP_001039971.1
YP_173238.1	YP_009072440.1
YP_173238.1	YP_009273005.1
YP_173238.1	NP_045300.1
YP_173238.1	YP_209233.1
YP_173238.1	YP_009824982.1
YP_173238.1	YP_003029848.1
YP_173238.1	YP_007188579.1
YP_173238.1	YP_009047204.1
YP_173238.1	YP_009824990.1
YP_173238.1	YP_009113025.1
YP_173238.1	YP_009755834.1
YP_173238.1	YP_009825051.1
YP_173238.1	YP_003858584.1
YP_173238.1	YP_009724390.1
YP_009944266.1	YP_009944266.1
YP_009944266.1	YP_009724392.1
YP_009944266.1	YP_009825054.1
YP_009944266.1	YP_003858586.1
YP_009944266.1	YP_009072442.1
YP_009944266.1	YP_009273007.1
YP_009944266.1	YP_001039973.1
YP_009067054.1	YP_009067054.1
YP_009067054.1	YP_009067068.1
YP_009067054.1	YP_009221998.1
YP_009067054.1	YP_009362009.1
YP_009067054.1	YP_009140481.1
YP_009067054.1	YP_009344810.1
YP_009067054.1	YP_009118965.1
YP_009666304.1	YP_009666304.1
YP_007697637.1	YP_007697637.1
YP_007697637.1	YP_009505589.1
YP_007697637.1	YP_009505586.1
YP_007697637.1	YP_009448184.1
YP_007697637.1	YP_004767306.1
YP_007697637.1	YP_004598982.1
YP_007697637.1	YP_007697643.1
YP_007697637.1	YP_009026379.1
YP_007697637.1	YP_007697630.1
YP_007697637.1	YP_009666294.1
YP_007697637.1	YP_009666298.1
YP_007697637.1	YP_009551697.1
YP_009118963.1	YP_009118963.1
YP_009755862.1	YP_009755862.1
YP_010800015.1	YP_010800015.1
YP_010800884.1	YP_010800884.1
NP_127507.1	NP_127507.1
YP_009666324.1	YP_009666324.1
YP_009666324.1	YP_009825018.1
YP_009666324.1	YP_001661452.1
YP_009130632.2	YP_009130632.2
YP_005454240.1	YP_005454240.1
YP_009944281.1	YP_009944281.1
YP_009944281.1	YP_009047229.1
YP_009944281.1	YP_009944292.1
YP_009944281.1	YP_009047213.1
YP_009944281.1	YP_009944354.1
YP_009944281.1	YP_009944310.1
YP_009944281.1	YP_009944339.1
YP_009944281.1	YP_009944325.1
YP_008439224.1	YP_008439224.1
YP_008439224.1	NP_839967.1
YP_008439224.1	NP_835354.1
YP_008439224.1	YP_009047225.1
YP_008439224.1	YP_009944351.1
YP_008439224.1	YP_009944322.1
YP_008439224.1	YP_009944304.1
YP_008439224.1	NP_828871.1
YP_008439224.1	YP_009725309.1
YP_008439224.1	YP_009924395.1
YP_008439224.1	YP_009915687.1
YP_008439224.1	YP_209241.1
YP_008439224.1	YP_460021.1
YP_008439224.1	YP_009924380.1
YP_008439224.1	YP_009924354.1
YP_008439224.1	YP_009555255.1
YP_008439224.1	YP_009924421.1
YP_008439224.1	NP_740631.1
YP_008439224.1	YP_009755922.1
YP_008439224.1	YP_009825026.1
YP_008439224.1	YP_001941187.1
YP_009666305.1	YP_009666305.1
YP_007697636.1	YP_007697636.1
YP_007697636.1	YP_007697642.1
YP_007697636.1	YP_009666293.1
YP_007697636.1	YP_009551696.1
YP_007697636.1	YP_007697629.1
YP_007697636.1	YP_004598981.2
YP_007697636.1	YP_004767305.1
YP_007697636.1	YP_009666297.1
YP_007697636.1	YP_009026378.1
YP_009118964.1	YP_009118964.1
YP_009505571.1	YP_009505571.1
YP_009505571.1	YP_009249812.1
YP_009505571.1	YP_009824948.1
YP_009505571.1	YP_009362008.1
YP_009505571.1	YP_009505559.1
YP_009505571.1	YP_009121775.1
YP_009505571.1	YP_009344809.1
YP_009505571.1	YP_009067067.1
YP_009505571.1	NP_203545.1
YP_009505571.1	YP_009221997.1
YP_009505571.1	YP_009067053.1
YP_009505571.1	YP_009140480.1
YP_009408172.1	YP_009408172.1
YP_009408172.1	YP_009052478.1
YP_009408172.1	YP_010799549.1
YP_009755863.1	YP_009755863.1
YP_010800016.1	YP_010800016.1
YP_009742608.1	YP_009742608.1
YP_009742608.1	YP_009944366.1
YP_009742608.1	YP_009725297.1
YP_009742608.1	NP_828860.2
YP_010800885.1	YP_010800885.1
YP_009924334.1	YP_009924334.1
YP_009924334.1	YP_009915676.1
YP_009924334.1	YP_009924345.1
YP_009924334.1	YP_009915691.1
YP_009666326.1	YP_009666326.1
YP_009666326.1	YP_009825020.1
YP_009666326.1	YP_001661454.1
YP_009825059.1	YP_009825059.1
YP_001039954.1	YP_001039954.1
YP_001039954.1	YP_007188580.1
YP_001039954.1	YP_009047205.1
YP_001039954.1	YP_009361858.1
YP_001876440.1	YP_001876440.1
YP_009505585.1	YP_009505585.1
YP_009361855.1	YP_009361855.1
YP_009361855.1	YP_009915659.1
YP_009361855.1	YP_209230.1
YP_009361855.1	YP_009944267.1
YP_009361855.1	YP_009944253.1
YP_009361855.1	NP_150074.1
YP_009361855.1	YP_009924317.1
YP_009361855.1	YP_009944265.1
YP_009361855.1	NP_045298.1
YP_009361855.1	YP_003029845.1
YP_009361855.1	YP_009824979.1
YP_009361855.1	YP_009944268.1
YP_009361855.1	YP_009513009.1
YP_009361855.1	YP_009944365.1
YP_009361855.1	YP_009725295.1
YP_009361855.1	YP_009944308.1
YP_009361855.1	YP_010229071.1
YP_009361855.1	YP_009944337.1
YP_009361855.1	YP_009944377.1
YP_009361855.1	YP_007188578.1
YP_009361855.1	YP_009047203.1
YP_009361855.1	YP_009824988.1
YP_009067069.1	YP_009067069.1
YP_009067069.1	YP_009067055.1
YP_009199243.1	YP_009199243.1
YP_009344813.1	YP_009344813.1
YP_009333340.1	YP_009333340.1
YP_009362012.1	YP_009362012.1
YP_009380525.1	YP_009380525.1
YP_009505562.1	YP_009505562.1
YP_009755877.1	YP_009755877.1
YP_009755877.1	YP_009344970.1
YP_009755877.1	YP_010800020.1
YP_009755845.1	YP_009755845.1
YP_009755845.1	YP_010800879.1
YP_009755845.1	YP_009408171.1
YP_009755845.1	YP_009052477.1
YP_009755845.1	YP_010799548.1
YP_009755845.1	YP_009755884.1
YP_009755845.1	YP_009666261.1
YP_010037565.1	YP_010037565.1
YP_010800853.1	YP_010800853.1
YP_010800374.1	YP_010800374.1
YP_006390077.1	YP_006390077.1
NP_740622.1	NP_740622.1
YP_001941184.1	YP_001941184.1
NP_047411.1	NP_047411.1
NP_047411.1	YP_009337029.1
NP_047411.1	YP_009824962.1
NP_047411.1	YP_010796262.1
NP_047411.1	YP_009214664.1
NP_047411.1	YP_009505553.1
NP_047411.1	YP_009118966.1
NP_047411.1	NP_042577.1
NP_047411.1	YP_009551708.1
NP_047411.1	YP_009667152.1
NP_047411.1	YP_009388596.1
YP_009825017.1	YP_009825017.1
YP_001876441.1	YP_001876441.1
YP_009505582.1	YP_009505582.1
YP_009505582.1	YP_803214.1
YP_009333332.1	YP_009333332.1
YP_009333332.1	YP_009336549.1
YP_009362013.1	YP_009362013.1
YP_009505563.1	YP_009505563.1
YP_009755878.1	YP_009755878.1
YP_009755878.1	YP_009344971.1
YP_009755878.1	YP_010800023.1
YP_009755846.1	YP_009755846.1
YP_010799912.1	YP_010799912.1
YP_010800854.1	YP_010800854.1
NP_203542.2	NP_203542.2
NP_203542.2	YP_009505568.1
NP_203542.2	YP_009249808.1
NP_203542.2	YP_009824945.1
NP_203542.2	YP_009344805.1
NP_203542.2	YP_009362004.1
NP_203542.2	YP_009067064.1
NP_203542.2	YP_009067051.1
NP_203542.2	YP_009505556.1
NP_203542.2	YP_009121773.1
NP_203542.2	YP_009140476.1
NP_203542.2	NP_042572.1
NP_203542.2	YP_009221994.1
YP_009222004.1	YP_009222004.1
YP_009666302.1	YP_009666302.1
YP_007697640.1	YP_007697640.1
YP_007697640.1	YP_009551701.1
YP_007697640.1	YP_007697646.1
YP_007697640.1	YP_004767309.1
YP_007697640.1	YP_009505593.1
YP_007697640.1	YP_004598985.1
YP_007697640.1	YP_009026382.1
YP_007697640.1	YP_009666296.1
YP_007697640.1	YP_007697633.1
YP_009408169.1	YP_009408169.1
YP_009408169.1	YP_010799547.1
YP_009408169.1	YP_009052476.1
YP_009408169.1	YP_009755844.1
YP_009408169.1	YP_010800877.1
YP_009551702.1	YP_009551702.1
YP_009755870.1	YP_009755870.1
NP_065660.1	NP_065660.1
NP_065660.1	YP_009118968.1
NP_073552.1	NP_073552.1
YP_009666325.1	YP_009666325.1
YP_009666325.1	YP_009825019.1
YP_009666325.1	YP_001661453.1
YP_009825039.1	YP_009825039.1
YP_009825039.1	NP_740621.1
YP_009019187.1	YP_009019187.1
YP_009019187.1	YP_004070200.1
YP_009130640.1	YP_009130640.1
YP_005352879.1	YP_005352879.1
YP_008439222.1	YP_008439222.1
YP_008439222.1	NP_839965.1
YP_008439222.1	NP_835352.1
YP_008439222.1	YP_009825029.1
YP_008439222.1	YP_009755920.1
YP_008439222.1	YP_001941185.1
YP_008439222.1	NP_740629.1
YP_008439222.1	YP_009924393.1
YP_008439222.1	YP_009725307.1
YP_008439222.1	YP_009047223.1
YP_008439222.1	YP_009555260.1
YP_008439222.1	YP_009915683.1
YP_008439222.1	YP_009924378.1
YP_008439222.1	YP_009924352.1
YP_008439222.1	NP_001012452.2
YP_008439222.1	YP_009944320.1
YP_008439222.1	YP_459941.1
YP_008439222.1	YP_009944302.1
YP_008439222.1	YP_009924419.1
YP_008439222.1	YP_009944349.1
YP_009249809.1	YP_009249809.1
YP_009666303.1	YP_009666303.1
YP_009666303.1	YP_010800881.1
YP_009666303.1	YP_009755886.1
YP_009666303.1	YP_009666263.1
YP_009666303.1	YP_009408173.1
YP_009666303.1	YP_010799550.1
YP_009666303.1	YP_009052479.1
YP_009666303.1	YP_010800874.1
YP_009666303.1	YP_009755847.1
YP_007697641.1	YP_007697641.1
YP_007697641.1	YP_007697647.1
YP_007697641.1	YP_009026383.1
YP_007697641.1	YP_007697634.1
YP_007697641.1	YP_004767310.1
YP_007697641.1	YP_009505594.1
YP_007697641.1	YP_004598986.1
YP_009118962.1	YP_009118962.1
YP_009118962.1	YP_009551704.1
YP_009118962.1	YP_010796258.1
YP_009118962.1	YP_006589917.1
YP_009118962.1	YP_009505550.1
YP_009118962.1	YP_006589918.1
YP_009118962.1	YP_009824959.1
YP_009118962.1	YP_009214661.1
YP_009118962.1	YP_009337024.1
YP_009118962.1	NP_127508.1
YP_009755871.1	YP_009755871.1
YP_010800013.1	YP_010800013.1
YP_009725312.1	YP_009725312.1
NP_065661.1	NP_065661.1
NP_073553.1	NP_073553.1
NP_839958.1	NP_839958.1
NP_839958.1	YP_008439214.1
NP_839958.1	NP_835345.1
NP_740605.1	NP_740605.1
YP_001718611.1	YP_001718611.1
YP_001718611.1	YP_001718604.1
YP_001718611.1	NP_073550.1
YP_001718611.1	YP_009194638.1
YP_001718611.1	YP_010229075.1
YP_001718611.1	YP_009328934.1
YP_001718611.1	YP_009380519.1
YP_001718611.1	YP_008439201.1
YP_001718611.1	YP_009199240.1
YP_001718611.1	NP_058423.1
YP_001718611.1	YP_009019181.1
YP_001718611.1	YP_009256196.1
YP_001718611.1	YP_001552235.1
YP_001718611.1	YP_009824966.1
YP_009019188.1	YP_009019188.1
YP_009130631.2	YP_009130631.2
YP_009130631.2	YP_009755856.1
YP_001552236.1	YP_001552236.1
YP_001552236.1	YP_009200735.1
YP_001552236.1	YP_009380521.1
YP_001552236.1	YP_009336484.1
YP_001552236.1	YP_009824974.1
YP_001552236.1	YP_009389425.1
YP_001552236.1	YP_009755839.1
YP_001876444.1	YP_001876444.1
YP_006908648.1	YP_006908648.1
YP_009072439.1	YP_009072439.1
YP_009199248.1	YP_009199248.1
YP_009199248.1	NP_058429.1
YP_009344817.1	YP_009344817.1
YP_009344817.1	YP_009505579.1
YP_009344817.1	YP_009249820.1
YP_009344817.1	YP_009824955.1
YP_009344817.1	YP_009067075.1
YP_009344817.1	YP_009222005.1
YP_009344817.1	YP_009067061.1
YP_009344817.1	NP_203551.1
YP_009344817.1	YP_009121783.1
YP_009344817.1	YP_009140488.1
YP_009344817.1	YP_009362016.1
YP_009344817.1	YP_009505566.1
YP_009344817.1	NP_042578.1
YP_009344817.1	YP_009667153.1
YP_009344817.1	YP_009824963.1
YP_009344817.1	YP_009337030.1
YP_009344817.1	YP_009551709.1
YP_009344817.1	NP_047412.1
YP_009344817.1	YP_010796263.1
YP_009344817.1	YP_009214665.1
YP_009344817.1	YP_009505554.1
YP_009333325.1	YP_009333325.1
YP_009333325.1	YP_009333335.1
YP_009121774.1	YP_009121774.1
YP_009121774.1	YP_009505570.1
YP_009121774.1	YP_009249811.1
YP_009121774.1	YP_009824947.1
YP_009121774.1	YP_009505558.1
YP_009121774.1	YP_009067052.1
YP_009121774.1	YP_009067065.1
YP_009121774.1	YP_009221996.1
YP_009121774.1	YP_009362007.1
YP_009121774.1	YP_009344808.1
YP_009121774.1	YP_009140478.1
YP_009388591.1	YP_009388591.1
YP_009388591.1	YP_009667147.1
YP_009388591.1	YP_009118961.1
YP_009388591.1	NP_047406.1
YP_009388591.1	YP_009505547.1
YP_009388591.1	YP_009337023.1
YP_009755882.1	YP_009755882.1
YP_009755882.1	YP_010800027.1
YP_009755849.1	YP_009755849.1
YP_010799915.1	YP_010799915.1
YP_010800404.1	YP_010800404.1
NP_042576.1	NP_042576.1
NP_042576.1	YP_010796261.1
NP_042576.1	YP_009551707.1
NP_042576.1	YP_009505552.1
NP_042576.1	NP_047410.1
NP_042576.1	YP_009337027.1
NP_042576.1	YP_009667151.1
NP_042576.1	YP_009824961.1
NP_042576.1	YP_009214663.1
YP_009944376.1	YP_009944376.1
YP_001876445.1	YP_001876445.1
YP_005352861.1	YP_005352861.1
YP_005352861.1	YP_002308512.1
YP_005352861.1	YP_002308503.1
YP_005352861.1	YP_002308485.1
YP_006908649.1	YP_006908649.1
YP_008439211.1	YP_008439211.1
YP_009067074.1	YP_009067074.1
YP_009067074.1	YP_009067060.1
YP_009221995.1	YP_009221995.1
YP_009221995.1	YP_009140477.1
YP_009221995.1	YP_009172490.1
YP_009333326.1	YP_009333326.1
YP_009388590.1	YP_009388590.1
YP_009388590.1	NP_127506.1
YP_009388590.1	YP_009118960.1
YP_009388590.1	YP_009214659.1
YP_009388590.1	YP_009551703.1
YP_009388590.1	YP_009824957.1
YP_009388590.1	YP_010796257.1
YP_009388590.1	NP_066135.1
YP_009388590.1	YP_009337022.1
YP_009755880.1	YP_009755880.1
YP_010799916.1	YP_010799916.1
YP_009824951.1	YP_009824951.1
YP_009824951.1	YP_009505574.1
YP_009824951.1	YP_009249815.1
YP_009142793.1	YP_009142793.1
YP_009333338.1	YP_009333338.1
YP_009505560.1	YP_009505560.1
YP_009505560.1	YP_009824949.1
YP_009505560.1	YP_009505572.1
YP_009505560.1	YP_009249813.1
YP_009505560.1	NP_203546.1
YP_009505560.1	YP_009121776.1
YP_009755887.1	YP_009755887.1
YP_009755887.1	YP_010800882.1
YP_009755905.1	YP_009755905.1
YP_010800380.1	YP_010800380.1
NP_705593.1	NP_705593.1
YP_001039976.1	YP_001039976.1
YP_001039976.1	YP_009273011.1
YP_009505584.1	YP_009505584.1
YP_009505584.1	YP_803216.1
YP_010796260.1	YP_010796260.1
YP_009333339.1	YP_009333339.1
YP_009362011.1	YP_009362011.1
YP_009362011.1	YP_009344812.1
YP_009362011.1	YP_009140483.1
YP_009362011.1	NP_203547.1
YP_009362011.1	YP_009121777.1
YP_009505561.1	YP_009505561.1
YP_009505561.1	YP_009362010.1
YP_009505561.1	YP_009121778.1
YP_009505561.1	YP_009037600.1
YP_009505561.1	YP_009140482.1
YP_009505561.1	YP_009344811.1
YP_009505561.1	YP_009824950.1
YP_009505561.1	YP_009505573.1
YP_009505561.1	YP_009249814.1
YP_009505561.1	YP_009221999.1
YP_009755888.1	YP_009755888.1
YP_009755843.1	YP_009755843.1
YP_009755843.1	YP_010800012.1
YP_009755843.1	YP_009052475.1
YP_009755843.1	YP_009408168.1
YP_009755904.1	YP_009755904.1
YP_009755904.1	YP_009825013.1
YP_009755904.1	YP_001941171.1
YP_009755904.1	YP_009755902.1
YP_009725255.1	YP_009725255.1
YP_010800381.1	YP_010800381.1
YP_010801054.1	YP_010801054.1
NP_705594.1	NP_705594.1
YP_001039977.1	YP_001039977.1
YP_001039977.1	YP_009273013.1
YP_009755868.1	YP_009755868.1
YP_010800011.1	YP_010800011.1
YP_009825024.1	YP_009825024.1
YP_010800880.1	YP_010800880.1
NP_065658.1	NP_065658.1
NP_740602.1	NP_740602.1
NP_740602.1	NP_705590.1
YP_009924318.1	YP_009924318.1
YP_009130638.1	YP_009130638.1
YP_005352869.1	YP_005352869.1
YP_005352877.1	YP_005352877.1
YP_009824994.1	YP_009824994.1
YP_009273012.1	YP_009273012.1
YP_009328940.1	YP_009328940.1
YP_009328940.1	YP_009824972.1
YP_009666301.1	YP_009666301.1
YP_007697639.1	YP_007697639.1
YP_007697639.1	YP_009551699.1
YP_007697639.1	YP_009505592.1
YP_007697639.1	YP_004767308.1
YP_007697639.1	YP_007697645.1
YP_007697639.1	YP_004598984.1
YP_007697639.1	YP_009026381.1
YP_007697639.1	YP_007697632.1
YP_007697639.1	YP_009666295.1
YP_009121784.1	YP_009121784.1
YP_009121784.1	YP_009505567.1
YP_009121784.1	YP_009140489.1
YP_009121784.1	NP_203552.1
YP_009121784.1	YP_009067062.1
YP_009121784.1	YP_009222006.1
YP_009121784.1	YP_009067076.1
YP_009121784.1	YP_009344818.1
YP_009121784.1	YP_009362017.1
YP_009755869.1	YP_009755869.1
YP_010800883.1	YP_010800883.1
NP_065659.1	NP_065659.1
YP_009824983.1	YP_009824983.1
YP_001941167.1	YP_001941167.1
YP_001941167.1	YP_009824999.1
YP_001941167.1	NP_040832.1
YP_001941167.1	YP_009825009.1
NP_740603.1	NP_740603.1
NP_740603.1	NP_705591.1
YP_009130639.1	YP_009130639.1
YP_005352878.1	YP_005352878.1
YP_009824995.1	YP_009824995.1
YP_009113030.1	YP_009113030.1
YP_009113030.1	NP_150084.1
YP_009113030.1	NP_068674.1
YP_009113030.1	YP_003029853.1
YP_009113030.1	YP_009924330.1
YP_009551706.1	YP_009551706.1
YP_009825063.1	YP_009825063.1
YP_009665195.1	YP_009665195.1
YP_009665195.1	YP_009380536.1
YP_009665195.1	YP_337906.1
YP_009665195.1	YP_008798231.1
YP_002308511.1	YP_002308511.1
YP_002308511.1	YP_002308484.1
YP_002308511.1	YP_002308502.1
YP_002308511.1	YP_005352860.1
YP_002308511.1	YP_005352888.1
YP_005352884.1	YP_005352884.1
YP_005352884.1	YP_002308500.1
YP_005352884.1	YP_002308482.1
YP_005352884.1	YP_009513024.1
YP_005352884.1	YP_005352849.1
YP_005352884.1	YP_005352841.1
YP_005352884.1	YP_005352857.1
YP_005352884.1	YP_002308509.1
YP_005352884.1	YP_005352874.1
YP_009130645.1	YP_009130645.1
YP_010799369.1	YP_010799369.1
YP_009249816.1	YP_009249816.1
YP_009249816.1	YP_009505575.1
YP_009333345.1	YP_009333345.1
YP_009118969.1	YP_009118969.1
YP_009755874.1	YP_009755874.1
YP_009755852.1	YP_009755852.1
YP_009742613.1	YP_009742613.1
YP_009742613.1	NP_828864.1
YP_009742613.1	YP_009944371.1
YP_009742613.1	YP_009725302.1
YP_009742613.1	YP_009944330.1
YP_009742613.1	YP_009944359.1
YP_009742613.1	YP_009944286.1
YP_009742613.1	YP_009047234.1
YP_009742613.1	YP_009944315.1
YP_009742613.1	YP_009944297.1
YP_009742613.1	YP_009944344.1
YP_009742613.1	YP_009047218.1
YP_009742613.1	YP_209249.1
YP_009742613.1	YP_009944274.1
YP_009742613.1	YP_009944259.1
YP_009742613.1	YP_009924362.1
YP_009742613.1	YP_009924324.1
YP_009742613.1	YP_009924336.1
YP_009742613.1	YP_009915678.1
YP_009742613.1	YP_460019.1
YP_009742613.1	YP_009924373.1
YP_009742613.1	YP_009924347.1
YP_009742613.1	YP_009924414.1
YP_009742613.1	YP_009915693.1
YP_009742613.1	YP_009555258.1
YP_009742613.1	YP_009924388.1
YP_009742613.1	NP_740624.1
YP_009742613.1	YP_001941179.1
YP_009742613.1	YP_009825034.1
YP_009742613.1	YP_009755915.1
YP_009742613.1	YP_008439217.1
YP_009742613.1	NP_839960.1
YP_009742613.1	NP_835347.1
YP_010800873.1	YP_010800873.1
YP_009825008.1	YP_009825008.1
YP_009825008.1	YP_001941166.1
YP_009825008.1	YP_009824998.1
YP_009825008.1	NP_040831.1
YP_009825008.1	YP_009755897.1
YP_001718617.1	YP_001718617.1
YP_001039963.1	YP_001039963.1
YP_009513011.1	YP_009513011.1
YP_009142787.1	YP_009142787.1
YP_009249817.1	YP_009249817.1
YP_009249817.1	YP_009505576.1
YP_009333346.1	YP_009333346.1
YP_009755875.1	YP_009755875.1
YP_009755854.1	YP_009755854.1
YP_010087319.1	YP_010087319.1
YP_010800021.1	YP_010800021.1
YP_009755883.1	YP_009755883.1
YP_009755853.1	YP_009755853.1
YP_010087321.1	YP_010087321.1
YP_009742616.1	YP_009742616.1
YP_009742616.1	NP_828867.1
YP_009742616.1	YP_009944374.1
YP_009742616.1	YP_009725305.1
YP_009742616.1	YP_009915696.1
YP_009742616.1	YP_009944277.1
YP_009742616.1	YP_009944262.1
YP_009742616.1	YP_009924365.1
YP_009742616.1	YP_009924327.1
YP_009742616.1	YP_009924339.1
YP_009742616.1	YP_009915681.1
YP_009742616.1	YP_209252.1
YP_009742616.1	YP_459943.1
YP_009742616.1	YP_009924376.1
YP_009742616.1	YP_009924350.1
YP_009742616.1	YP_009555252.1
YP_009742616.1	YP_009924417.1
YP_009742616.1	YP_009924391.1
YP_009742616.1	NP_839963.1
YP_009742616.1	YP_008439220.1
YP_009742616.1	NP_835350.1
YP_009742616.1	YP_009944333.1
YP_009742616.1	YP_009944362.1
YP_009742616.1	YP_009944289.1
YP_009742616.1	YP_009047237.1
YP_009742616.1	YP_009944318.1
YP_009742616.1	YP_009944300.1
YP_009742616.1	YP_009944347.1
YP_009742616.1	YP_009047221.1
YP_009742616.1	NP_740627.1
YP_009742616.1	YP_009825037.1
YP_009742616.1	YP_009755918.1
YP_009742616.1	YP_001941182.1
NP_705589.1	NP_705589.1
NP_150078.1	NP_150078.1
NP_839968.1	NP_839968.1
NP_839968.1	YP_008439225.1
NP_839968.1	NP_835355.1
NP_839968.1	YP_009944352.1
NP_839968.1	YP_460022.1
NP_839968.1	YP_009944323.1
NP_839968.1	YP_009944305.1
NP_839968.1	YP_009047226.1
NP_839968.1	YP_009924396.1
NP_839968.1	YP_009755923.1
NP_839968.1	YP_009915685.1
NP_839968.1	YP_209242.1
NP_839968.1	YP_009924381.1
NP_839968.1	YP_009924355.1
NP_839968.1	YP_009924422.1
NP_839968.1	YP_009555256.1
NP_839968.1	NP_828872.1
NP_839968.1	YP_009725310.1
NP_839968.1	NP_740632.1
NP_839968.1	YP_009825027.1
NP_839968.1	YP_001941188.1
YP_001661455.1	YP_001661455.1
YP_001661455.1	YP_009825021.1
YP_001661455.1	YP_009666327.1
YP_009825011.1	YP_009825011.1
YP_009825011.1	YP_001941169.1
YP_009825011.1	YP_009755900.1
YP_009825011.1	NP_040834.1
YP_009825011.1	YP_009825001.1
YP_009825011.1	YP_001876438.1
YP_001039972.1	YP_001039972.1
YP_001039972.1	YP_009273006.1
YP_001039972.1	YP_009824991.1
YP_001039966.1	YP_001039966.1
YP_001039966.1	YP_009047208.1
YP_001039966.1	YP_007188583.1
YP_001039966.1	YP_009361861.1
YP_001039966.1	YP_001039957.1
YP_001039966.1	YP_009513015.1
YP_001876436.1	YP_001876436.1
YP_001876436.1	YP_009825007.1
YP_001876436.1	YP_009824997.1
YP_001876436.1	NP_040829.1
YP_001876436.1	YP_001941165.1
YP_010799373.1	YP_010799373.1
YP_009380520.1	YP_009380520.1
YP_009380520.1	YP_009199241.1
YP_009380520.1	YP_010799913.1
YP_009553215.1	YP_009553215.1
YP_010087322.1	YP_010087322.1
YP_009724394.1	YP_009724394.1
YP_009724394.1	YP_009825056.1
YP_009724394.1	YP_003858588.1
NP_150079.1	NP_150079.1
YP_001661456.1	YP_001661456.1
YP_005352851.1	YP_005352851.1
YP_009142791.1	YP_009142791.1
YP_010799374.1	YP_010799374.1
YP_010800872.1	YP_010800872.1
NP_705587.1	NP_705587.1
YP_009924329.1	YP_009924329.1
YP_009924329.1	YP_009944264.1
YP_009924329.1	YP_009924367.1
YP_009924329.1	YP_009924341.1
YP_009924329.1	YP_209254.1
YP_009924329.1	NP_740606.1
YP_009924329.1	YP_009944279.1
YP_009924301.1	YP_009924301.1
YP_173242.1	YP_173242.1
YP_173242.1	YP_007188586.1
YP_173242.1	YP_001039969.1
YP_173242.1	YP_009047211.1
YP_173242.1	YP_009361864.1
YP_173242.1	YP_001039960.1
YP_173242.1	YP_009513018.1
YP_173242.1	YP_009113031.1
YP_173242.1	YP_003858591.1
YP_173242.1	YP_009724397.2
YP_173242.1	YP_009825061.1
YP_173242.1	YP_009072446.1
YP_173242.1	YP_005454249.1
YP_173242.1	YP_009555245.1
YP_173242.1	NP_150083.1
YP_173242.1	YP_009755837.1
YP_173242.1	NP_045302.1
YP_173242.1	YP_003029852.1
YP_173242.1	YP_209238.1
YP_173242.1	YP_009824987.1
YP_173242.1	YP_009273009.1
YP_173242.1	YP_009824993.1
YP_173242.1	YP_001039975.1
YP_002308513.1	YP_002308513.1
YP_002308513.1	YP_002308486.1
YP_009944363.1	YP_009944363.1
YP_009944363.1	YP_009915697.1
YP_009944363.1	YP_008439221.1
YP_009944363.1	YP_009755919.1
YP_009944363.1	YP_009944263.1
YP_009944363.1	NP_839964.1
YP_009944363.1	YP_009924366.1
YP_009944363.1	YP_009924340.1
YP_009944363.1	YP_009915682.1
YP_009944363.1	YP_009924377.1
YP_009944363.1	YP_209253.2
YP_009944363.1	YP_009924351.1
YP_009944363.1	YP_009924418.1
YP_009944363.1	YP_009944348.1
YP_009944363.1	YP_009944290.1
YP_009944363.1	NP_835351.1
YP_009944363.1	YP_008439210.1
YP_009944363.1	YP_009047238.1
YP_009944363.1	YP_009944375.1
YP_009944363.1	NP_828868.1
YP_009944363.1	YP_009944319.1
YP_009944363.1	YP_009944334.1
YP_009944363.1	YP_009944301.1
YP_009944363.1	YP_009047222.1
YP_009944363.1	NP_740628.1
YP_009944363.1	YP_009825038.1
YP_009944363.1	YP_001941183.1
YP_009944363.1	YP_009725306.1
YP_009944363.1	YP_009742617.1
YP_009944363.1	YP_009924392.1
YP_009944363.1	YP_009944278.1
YP_009944363.1	YP_009924328.1
YP_009944363.1	YP_459939.1
YP_009944363.1	YP_009555253.1
YP_003858589.1	YP_003858589.1
YP_003858589.1	YP_009724395.1
YP_003858589.1	YP_009825057.1
YP_005352886.1	YP_005352886.1
YP_009513012.1	YP_009513012.1
YP_009199795.1	YP_009199795.1
YP_009142788.1	YP_009142788.1
YP_010799371.1	YP_010799371.1
YP_009344806.1	YP_009344806.1
YP_009362005.1	YP_009362005.1
YP_009755876.1	YP_009755876.1
YP_009755855.1	YP_009755855.1
YP_010087320.1	YP_010087320.1
YP_009755924.1	YP_009755924.1
YP_009755924.1	NP_839969.1
YP_009755924.1	YP_008439226.1
YP_009755924.1	NP_835356.1
YP_009755924.1	YP_001941189.1
YP_009755924.1	NP_740633.1
YP_009755924.1	YP_009825028.1
YP_009755924.1	YP_009924397.1
YP_009755924.1	YP_009944353.1
YP_009755924.1	YP_009725311.1
YP_009755924.1	YP_009047227.1
YP_009755924.1	YP_009915686.1
YP_009755924.1	NP_828873.2
YP_009755924.1	YP_009924382.1
YP_009755924.1	YP_009924356.1
YP_009755924.1	YP_009555257.1
YP_009755924.1	YP_009944324.1
YP_009755924.1	YP_009944306.1
YP_009755924.1	YP_460023.1
YP_009755924.1	YP_009924423.1
YP_009755924.1	YP_209243.1
YP_009742615.1	YP_009742615.1
YP_009742615.1	NP_828866.1
YP_009742615.1	YP_009944373.1
YP_009742615.1	YP_009725304.1
YP_009742615.1	YP_009944332.1
YP_009742615.1	YP_009944361.1
YP_009742615.1	YP_009944288.1
YP_009742615.1	YP_009047236.1
YP_009742615.1	YP_009944317.1
YP_009742615.1	YP_009944299.1
YP_009742615.1	YP_009944346.1
YP_009742615.1	YP_009047220.1
YP_009742615.1	YP_009915695.1
YP_009742615.1	YP_009944276.1
YP_009742615.1	YP_009944261.1
YP_009742615.1	YP_009924364.1
YP_009742615.1	YP_009924326.1
YP_009742615.1	YP_009924338.1
YP_009742615.1	YP_009915680.1
YP_009742615.1	YP_209251.1
YP_009742615.1	YP_460020.1
YP_009742615.1	YP_009924375.1
YP_009742615.1	YP_009924349.1
YP_009742615.1	YP_009555251.1
YP_009742615.1	YP_009924416.1
YP_009742615.1	YP_009924390.1
YP_009742615.1	NP_835349.1
YP_009742615.1	NP_839962.1
YP_009742615.1	YP_008439219.1
YP_009742615.1	NP_740626.1
YP_009742615.1	YP_009825036.1
YP_009742615.1	YP_009755917.1
YP_009742615.1	YP_001941181.1
YP_010800875.1	YP_010800875.1
NP_705588.1	NP_705588.1
YP_001941177.1	YP_001941177.1
YP_001941177.1	YP_009755913.1
YP_001941177.1	YP_009825032.1
YP_001941177.1	YP_009742611.1
YP_001941177.1	YP_009944369.1
YP_001941177.1	YP_009725300.1
YP_001941177.1	NP_904322.1
YP_001941177.1	YP_009944328.1
YP_001941177.1	YP_009944357.1
YP_001941177.1	YP_009944313.1
YP_001941177.1	YP_009944342.1
YP_001941177.1	YP_009944284.1
YP_001941177.1	YP_009047232.1
YP_001941177.1	YP_009944295.1
YP_001941177.1	YP_009047216.1
YP_001941177.1	YP_009924386.1
YP_001941177.1	YP_009944272.1
YP_001941177.1	YP_009944257.1
YP_001941177.1	YP_009924360.1
YP_001941177.1	YP_009924322.1
YP_001941177.1	YP_209247.1
YP_001941177.1	YP_009924371.1
YP_001941177.1	YP_009555249.1
YP_001941177.1	YP_009924412.1
YP_001941177.1	YP_459935.1
YP_001941177.1	NP_835358.1
YP_001941177.1	YP_008439215.1
NP_203544.1	NP_203544.1
YP_173243.1	YP_173243.1
YP_009825010.1	YP_009825010.1
YP_009825010.1	NP_040833.1
YP_009825010.1	YP_001941168.1
YP_009825010.1	YP_009825000.1
YP_003858590.1	YP_003858590.1
YP_003858590.1	YP_009725318.1
YP_003858590.1	YP_009825058.1
YP_005352887.1	YP_005352887.1
YP_009047206.1	YP_009047206.1
YP_009047206.1	YP_009361859.1
YP_009047206.1	YP_007188581.1
YP_009047206.1	YP_001039955.1
YP_009047206.1	YP_001039964.1
YP_009513013.1	YP_009513013.1
YP_009142789.1	YP_009142789.1
YP_010799372.1	YP_010799372.1
YP_009344807.1	YP_009344807.1
YP_009344807.1	YP_010799370.1
YP_009344807.1	YP_009505557.1
YP_009344807.1	YP_009249810.1
YP_009344807.1	YP_009505569.1
YP_009344807.1	YP_009824946.1
YP_009344807.1	YP_009362006.1
YP_009344807.1	YP_009505548.1
YP_009344807.1	YP_009667148.1
YP_004070196.1	YP_004070196.1
NP_740594.1	NP_740594.1
YP_008798230.1	YP_008798230.1
YP_008798230.1	YP_337905.2
YP_008798230.1	YP_009380535.1
YP_008798230.1	YP_010801050.1
YP_001876446.1	YP_001876446.1
YP_010229072.1	YP_010229072.1
YP_010229072.1	YP_010229073.1
YP_010229072.1	YP_010229074.1
YP_010229072.1	YP_009755896.1
YP_005352844.1	YP_005352844.1
YP_008439212.1	YP_008439212.1
YP_008439212.1	NP_839957.1
YP_008439212.1	NP_835344.1
YP_009072441.1	YP_009072441.1
YP_009666262.1	YP_009666262.1
YP_009333327.1	YP_009333327.1
YP_009333327.1	YP_009336551.1
YP_009333327.1	YP_009333334.1
YP_009388592.1	YP_009388592.1
YP_009755903.1	YP_009755903.1
YP_010799917.1	YP_010799917.1
YP_009824952.1	YP_009824952.1
YP_010800406.1	YP_010800406.1
NP_740595.1	NP_740595.1
YP_009109556.3	YP_009109556.3
YP_009109556.3	YP_009121772.1
YP_009109556.3	YP_009140475.1
YP_009109556.3	YP_009221993.1
YP_009109556.3	YP_001008394.2
YP_009109556.3	YP_009067063.1
YP_009109556.3	YP_009067050.1
YP_009825030.1	YP_009825030.1
YP_009825030.1	YP_001941175.1
YP_009825030.1	NP_740634.1
YP_009825030.1	YP_009755911.1
YP_001876447.1	YP_001876447.1
YP_008439213.1	YP_008439213.1
YP_008439213.1	NP_835357.1
YP_009333328.1	YP_009333328.1
YP_009388593.1	YP_009388593.1
YP_009121779.1	YP_009121779.1
YP_009121779.1	NP_203548.1
YP_009388595.1	YP_009388595.1
YP_009755859.1	YP_009755859.1
YP_010115718.1	YP_010115718.1
YP_010115718.1	YP_009824969.1
YP_010115718.1	YP_003769.1
YP_010115718.1	YP_009199792.1
YP_010115718.1	YP_009328937.1
YP_010115718.1	YP_009194641.1
YP_010115718.1	NP_073554.1
YP_010115718.1	YP_009755892.1
YP_010115718.1	YP_009201732.1
YP_010115718.1	YP_001718607.1
YP_010115718.1	YP_001718614.1
YP_010115718.1	YP_010037562.1
YP_010115718.1	YP_010799726.1
YP_010115718.1	YP_010799732.1
YP_010115718.1	YP_009824975.1
YP_010115718.1	YP_009389426.1
YP_010115718.1	YP_001552238.1
YP_010115718.1	YP_009200737.1
YP_010115718.1	YP_001351686.1
YP_010115718.1	NP_598312.1
YP_010115718.1	YP_010799345.1
YP_010115718.1	YP_010037476.1
YP_010115718.1	YP_010037470.1
YP_010115718.1	YP_006908644.1
YP_010115718.1	YP_008439204.1
YP_010115718.1	YP_009199611.1
YP_010115718.1	YP_009380523.1
YP_010115718.1	YP_009336485.1
YP_010800006.1	YP_010800006.1
YP_010800876.1	YP_010800876.1
YP_009665194.1	YP_009665194.1
YP_009665194.1	YP_337908.1
YP_009665194.1	YP_009380538.1
YP_009665194.1	YP_010801052.1
YP_009665194.1	YP_008798233.1
NP_740598.1	NP_740598.1
NP_740598.1	NP_705586.1
YP_009130634.1	YP_009130634.1
YP_009072445.1	YP_009072445.1
YP_009273008.1	YP_009273008.1
YP_009273008.1	YP_009824992.1
YP_009273008.1	YP_001039974.1
YP_009273008.1	YP_007188585.1
YP_009273008.1	YP_001039959.1
YP_009273008.1	YP_001039968.1
YP_009273008.1	YP_009047210.1
YP_009273008.1	YP_009513017.1
YP_009273008.1	YP_009361863.1
YP_009273008.1	YP_009825055.1
YP_009273008.1	YP_003858587.1
YP_009273008.1	YP_009724393.1
YP_009273008.1	YP_005454248.1
YP_009273008.1	YP_009113029.1
YP_009273008.1	YP_209237.1
YP_009273008.1	YP_009824986.1
YP_009273008.1	YP_173241.1
YP_009273008.1	YP_009555244.1
YP_009273008.1	NP_150082.1
YP_009273008.1	YP_009755836.1
YP_009273008.1	NP_045301.1
YP_009273008.1	YP_003029851.1
YP_009273008.1	YP_009072443.1
YP_009273008.1	YP_001941170.1
YP_009273008.1	YP_009825002.1
YP_009273008.1	NP_040835.1
YP_009273008.1	YP_009755901.1
YP_009273008.1	YP_009825012.1
YP_009273008.1	YP_002308481.1
YP_009273008.1	YP_009513023.1
YP_009273008.1	YP_002308508.1
YP_009273008.1	YP_005352848.1
YP_009273008.1	YP_002308499.1
YP_009273008.1	YP_005352856.1
YP_009273008.1	YP_005352840.1
YP_009273008.1	YP_005352865.1
YP_009273008.1	YP_005352873.1
YP_009273008.1	YP_005352883.1
YP_009273008.1	YP_009824970.1
YP_009273008.1	YP_003770.1
YP_009273008.1	YP_009328938.1
YP_009273008.1	YP_009256200.1
YP_009273008.1	NP_058427.2
YP_009273008.1	YP_009019185.1
YP_009273008.1	YP_009336486.1
YP_009273008.1	YP_009380524.1
YP_009273008.1	YP_009199246.1
YP_009273008.1	YP_004070198.1
YP_009273008.1	YP_001718608.1
YP_009273008.1	NP_598313.1
YP_009273008.1	YP_001351687.1
YP_009273008.1	YP_010799346.1
YP_009273008.1	YP_009201733.1
YP_009273008.1	YP_010037477.1
YP_009273008.1	NP_073555.1
YP_009273008.1	YP_009194642.1
YP_009273008.1	YP_010037471.1
YP_009273008.1	YP_001718615.1
YP_009273008.1	YP_009755893.1
YP_009273008.1	YP_009199793.1
YP_009273008.1	YP_010799727.1
YP_009273008.1	YP_009389427.1
YP_009273008.1	YP_009200738.1
YP_009273008.1	YP_010037563.1
YP_009273008.1	YP_010799733.1
YP_009273008.1	YP_006908645.1
YP_009273008.1	YP_009824976.1
YP_009273008.1	YP_008439205.1
YP_009273008.1	YP_001552239.1
YP_009273008.1	YP_010115719.1
YP_009273008.1	YP_009199612.1
YP_009273008.1	YP_001876439.1
YP_009273008.1	YP_009755841.1
YP_009336550.1	YP_009336550.1
YP_009336550.1	YP_009333333.1
YP_007697635.1	YP_007697635.1
YP_007697635.1	YP_007697648.1
YP_007697635.1	YP_004598987.1
YP_009755860.1	YP_009755860.1
YP_009755909.1	YP_009755909.1
YP_010800008.1	YP_010800008.1
YP_009824956.1	YP_009824956.1
YP_009824956.1	YP_009505580.1
YP_009824956.1	YP_009249821.1
YP_006950434.1	YP_006950434.1
NP_740599.1	NP_740599.1
YP_008798235.1	YP_008798235.1
YP_008798235.1	YP_009380540.1
YP_008798235.1	YP_337910.1
YP_009130635.1	YP_009130635.1
YP_005352866.1	YP_005352866.1
YP_007188582.1	YP_007188582.1
YP_007188582.1	YP_009047207.1
YP_007188582.1	YP_009361860.1
YP_007188582.1	YP_009513014.1
NP_065656.1	NP_065656.1
YP_006950435.1	YP_006950435.1
NP_740600.1	NP_740600.1
YP_009130636.1	YP_009130636.1
YP_005352867.1	YP_005352867.1
YP_005352867.1	YP_005352875.1
YP_005352867.1	YP_002308501.1
YP_005352867.1	YP_009513025.1
YP_005352867.1	YP_002308510.1
YP_005352867.1	YP_005352850.1
YP_005352867.1	YP_005352858.1
YP_005352867.1	YP_005352842.1
YP_005352867.1	YP_002308483.1
YP_005352867.1	YP_005352885.1
YP_009113027.1	YP_009113027.1
YP_009113027.1	YP_209235.1
YP_009113027.1	YP_009824984.1
YP_009113027.1	YP_173239.1
YP_009113027.1	NP_150080.1
YP_009113027.1	YP_005454246.1
YP_009113027.1	YP_009555242.1
YP_009222001.1	YP_009222001.1
YP_009273010.1	YP_009273010.1
YP_009666299.1	YP_009666299.1
YP_009388598.1	YP_009388598.1
YP_009755867.1	YP_009755867.1
YP_010800009.1	YP_010800009.1
YP_009825023.1	YP_009825023.1
NP_065657.1	NP_065657.1
YP_009824981.1	YP_009824981.1
NP_740601.1	NP_740601.1
YP_009825053.1	YP_009825053.1
YP_009019184.1	YP_009019184.1
YP_009019184.1	YP_009256199.1
YP_009019184.1	YP_009199245.1
YP_009019184.1	YP_004070197.1
YP_009019184.1	NP_058426.1
YP_009130637.1	YP_009130637.1
YP_005352868.1	YP_005352868.1
YP_005352876.1	YP_005352876.1
YP_007188584.1	YP_007188584.1
YP_007188584.1	YP_001039958.1
YP_007188584.1	YP_001039967.1
YP_007188584.1	YP_009047209.1
YP_007188584.1	YP_009513016.1
YP_007188584.1	YP_009361862.1
YP_009222002.1	YP_009222002.1
YP_009222002.1	YP_009067072.1
YP_009222002.1	YP_009067058.1
YP_007697638.1	YP_007697638.1
YP_007697638.1	YP_009505591.1
YP_007697638.1	YP_004767307.1
YP_007697638.1	YP_009448186.1
YP_007697638.1	YP_009505588.1
YP_007697638.1	YP_009026380.1
YP_007697638.1	YP_004598983.1
YP_007697638.1	YP_007697631.1
YP_007697638.1	YP_009551700.1
YP_007697638.1	YP_007697644.1
YP_009388599.1	YP_009388599.1
YP_001039956.1	YP_001039956.1
YP_001039956.1	YP_001039965.1
YP_009944335.1	YP_009944335.1
YP_009944335.1	YP_009047228.1
YP_009944335.1	YP_009944364.1
YP_009944335.1	YP_009944291.1
YP_003858585.1	YP_003858585.1
YP_003858585.1	YP_009825052.1
YP_003858585.1	YP_009724391.1
YP_009513026.1	YP_009513026.1
YP_009513026.1	YP_009433743.1
YP_009513026.1	YP_005352843.1
YP_005454243.1	YP_005454243.1
YP_009130643.1	YP_009130643.1
YP_009130643.1	YP_803215.1
YP_010799367.1	YP_010799367.1
YP_009118967.1	YP_009118967.1
YP_009408175.1	YP_009408175.1
YP_009408175.1	YP_010799552.1
YP_009755872.1	YP_009755872.1
YP_009755866.1	YP_009755866.1
YP_010800019.1	YP_010800019.1
YP_010037480.1	YP_010037480.1
NP_705584.1	NP_705584.1
YP_009825004.1	YP_009825004.1
YP_009825004.1	YP_001941173.1
YP_009825004.1	NP_040837.1
YP_009825004.1	YP_009825015.1
YP_009825004.1	YP_009755907.1
YP_009825062.1	YP_009825062.1
YP_009825006.1	YP_009825006.1
YP_009825006.1	YP_009513020.1
YP_009825006.1	YP_005352845.1
YP_009825006.1	YP_001876435.1
YP_009825006.1	YP_005352853.1
YP_009825006.1	YP_002308505.1
YP_009825006.1	NP_066134.1
YP_009825006.1	YP_009824996.1
YP_009825006.1	YP_001941164.2
YP_009825006.1	YP_009755895.1
YP_009825006.1	YP_005352880.1
YP_009825006.1	YP_002308478.1
YP_009825006.1	YP_002308496.1
YP_009825006.1	YP_005352837.1
YP_009825006.1	YP_009755838.1
YP_009825006.1	YP_010115715.1
YP_009825006.1	YP_009194637.1
YP_009825006.1	NP_073549.1
YP_009825006.1	YP_005352862.1
YP_009825006.1	YP_005352870.1
YP_009130644.1	YP_009130644.1
YP_010799368.1	YP_010799368.1
YP_009755873.1	YP_009755873.1
YP_009755851.1	YP_009755851.1
YP_009742612.1	YP_009742612.1
YP_009742612.1	NP_828863.1
YP_009742612.1	YP_009944370.1
YP_009742612.1	YP_009725301.1
YP_009742612.1	YP_009944273.1
YP_009742612.1	YP_009944258.1
YP_009742612.1	YP_009924361.1
YP_009742612.1	YP_009924323.1
YP_009742612.1	YP_009924335.1
YP_009742612.1	YP_009915677.1
YP_009742612.1	YP_209248.1
YP_009742612.1	YP_009924372.1
YP_009742612.1	YP_459936.1
YP_009742612.1	YP_009924346.1
YP_009742612.1	YP_009555250.1
YP_009742612.1	YP_009924413.1
YP_009742612.1	YP_009915692.1
YP_009742612.1	YP_009944329.1
YP_009742612.1	YP_009944358.1
YP_009742612.1	YP_009944285.1
YP_009742612.1	YP_009047233.1
YP_009742612.1	YP_009944314.1
YP_009742612.1	YP_009944296.1
YP_009742612.1	YP_009944343.1
YP_009742612.1	YP_009047217.1
YP_009742612.1	YP_009755914.1
YP_009742612.1	NP_839959.1
YP_009742612.1	YP_008439216.1
YP_009742612.1	NP_835346.1
YP_009742612.1	YP_009924387.1
YP_009742612.1	YP_009825033.1
YP_009742612.1	YP_001941178.1
YP_009742612.1	NP_740623.1
YP_010800871.1	YP_010800871.1
YP_010800871.1	YP_009666300.1
YP_009755840.1	YP_009755840.1
YP_009755840.1	YP_173240.1
YP_009755840.1	YP_005454247.1
YP_009755840.1	YP_009113028.1
YP_009755840.1	YP_209236.1
YP_009755840.1	YP_009824985.1
YP_009755840.1	YP_009555243.1
YP_009755840.1	NP_150081.1
YP_009755840.1	YP_009755835.1
YP_009755840.1	YP_009944252.1
YP_009755840.1	YP_003029850.1
YP_009755857.1	YP_009755857.1
YP_009755906.1	YP_009755906.1
YP_010799918.1	YP_010799918.1
YP_010800407.1	YP_010800407.1
NP_042579.1	NP_042579.1
NP_042579.1	YP_009667154.1
NP_042579.1	YP_009551710.1
NP_042579.1	YP_009337031.1
NP_042579.1	YP_009824964.1
NP_042579.1	YP_010796264.1
NP_042579.1	YP_009214666.1
NP_042579.1	NP_047413.1
NP_042579.1	YP_009505555.1
YP_009665193.1	YP_009665193.1
YP_009665193.1	YP_008798232.1
YP_009665193.1	YP_009667102.1
YP_009665193.1	YP_337907.1
YP_009665193.1	YP_009380537.1
YP_009665193.1	YP_010801051.1
NP_740596.1	NP_740596.1
YP_009825031.1	YP_009825031.1
YP_009825031.1	YP_009755912.1
YP_009825031.1	YP_001941176.1
YP_001876448.1	YP_001876448.1
YP_001876448.1	YP_009825016.1
YP_001876448.1	NP_040838.1
YP_001876448.1	YP_001941174.1
YP_001876448.1	YP_009825005.1
YP_001876448.1	YP_009755908.1
YP_009140484.1	YP_009140484.1
YP_009333329.1	YP_009333329.1
YP_009505551.1	YP_009505551.1
YP_009505551.1	NP_047409.1
YP_009505551.1	YP_009214662.1
YP_009505551.1	YP_009667150.1
YP_009505551.1	YP_009824960.1
YP_009388594.1	YP_009388594.1
YP_009755858.1	YP_009755858.1
YP_010800005.1	YP_010800005.1
YP_010800408.1	YP_010800408.1
YP_006488612.1	YP_006488612.1
YP_006488612.1	YP_006488613.1
YP_006488612.1	YP_009388597.1
YP_006488612.1	YP_009337028.1
YP_004070199.1	YP_004070199.1
YP_004070199.1	NP_058428.1
YP_004070199.1	YP_009199247.1
YP_004070199.1	NP_598314.1
YP_004070199.1	YP_001351688.1
YP_004070199.1	YP_003771.1
YP_004070199.1	YP_009328939.1
YP_004070199.1	YP_010799347.1
YP_004070199.1	YP_009256201.1
YP_004070199.1	YP_009019186.1
YP_004070199.1	YP_009201734.1
YP_004070199.1	YP_001718616.1
YP_004070199.1	YP_009755894.1
YP_004070199.1	YP_001718609.1
YP_004070199.1	YP_009194643.1
YP_004070199.1	NP_073556.1
YP_004070199.1	YP_009824971.1
YP_004070199.1	YP_010037478.1
YP_004070199.1	YP_010037472.1
YP_004070199.1	YP_010115720.1
YP_004070199.1	YP_010799728.1
YP_004070199.1	YP_009199613.1
YP_004070199.1	YP_010037564.1
YP_004070199.1	YP_009380526.1
YP_004070199.1	YP_009336487.1
YP_004070199.1	YP_009824977.1
YP_004070199.1	YP_009389428.1
YP_004070199.1	YP_008439206.1
YP_004070199.1	YP_009199794.1
YP_004070199.1	YP_010799734.1
YP_004070199.1	YP_006908646.1
YP_004070199.1	YP_001552240.1
YP_004070199.1	YP_009200739.1
YP_004070199.1	YP_009755842.1
NP_058425.1	NP_058425.1
NP_058425.1	YP_004070195.1
NP_740597.1	NP_740597.1
NP_740597.1	NP_705585.1
YP_009172491.1	YP_009172491.1
YP_003029849.1	YP_003029849.1
YP_003029849.1	YP_209234.1
YP_003029849.1	YP_009113026.1
YP_001552241.1	YP_001552241.1
YP_009130633.1	YP_009130633.1
YP_005352864.1	YP_005352864.1
YP_005352864.1	YP_009513022.1
YP_005352864.1	YP_002308507.1
YP_005352864.1	YP_005352882.1
YP_005352864.1	YP_005352847.1
YP_005352864.1	YP_002308498.1
YP_005352864.1	YP_005352855.1
YP_005352864.1	YP_005352839.1
YP_005352864.1	YP_002308480.1
YP_005352864.1	YP_005352872.1
YP_009072444.1	YP_009072444.1
YP_009140485.1	YP_009140485.1
YP_009140485.1	YP_009344814.1
YP_009140485.1	YP_009121780.1
YP_009140485.1	NP_203549.1
YP_009337026.1	YP_009337026.1
YP_009333336.1	YP_009333336.1
YP_009755885.1	YP_009755885.1
YP_009553214.1	YP_009553214.1
YP_010800378.1	YP_010800378.1
YP_009944311.1	YP_009944311.1
YP_009944311.1	YP_009944326.1
YP_009944311.1	YP_009944282.1
YP_009944311.1	YP_009047230.1
YP_009944311.1	YP_009944293.1
YP_009944311.1	YP_009047214.1
YP_009944311.1	YP_009944340.1
YP_009944311.1	YP_009944355.1
YP_009944311.1	YP_009924358.1
YP_009944311.1	YP_009924332.1
YP_009944311.1	YP_009915674.1
YP_009944311.1	YP_209245.1
YP_009944311.1	YP_009924369.1
YP_009944311.1	YP_009924343.1
YP_009944311.1	YP_009915689.1
YP_009944311.1	YP_459934.1
YP_009944311.1	YP_009944270.1
YP_009944311.1	YP_009555247.1
YP_009944311.1	YP_009924320.1
YP_009944311.1	YP_009924410.1
YP_009944311.1	YP_009944255.1
YP_009944311.1	YP_009742609.1
YP_009944311.1	YP_009944367.1
YP_009944311.1	YP_009725298.1
YP_009944311.1	NP_828861.2
YP_009944311.1	YP_009924384.1
YP_001876437.1	YP_001876437.1
YP_005352852.1	YP_005352852.1
YP_009067066.1	YP_009067066.1
YP_009142792.1	YP_009142792.1
YP_009333337.1	YP_009333337.1
YP_009380522.1	YP_009380522.1
YP_009380522.1	YP_001718613.1
YP_009380522.1	YP_010799731.1
YP_009380522.1	YP_009201731.1
YP_009380522.1	YP_010799725.1
YP_009380522.1	YP_010037561.1
YP_009380522.1	YP_009755891.1
YP_009380522.1	YP_009199791.1
YP_009380522.1	YP_006908643.1
YP_009380522.1	YP_010037475.1
YP_009380522.1	YP_009328936.1
YP_009380522.1	YP_009824968.1
YP_009380522.1	YP_001351685.1
YP_009380522.1	NP_598311.1
YP_009380522.1	YP_010799344.1
YP_009380522.1	YP_010037469.1
YP_009380522.1	YP_008439203.1
YP_009380522.1	YP_001718606.1
YP_009380522.1	YP_001552237.1
YP_009380522.1	YP_009200736.1
YP_009380522.1	YP_003768.1
YP_009380522.1	YP_009194640.1
YP_009380522.1	YP_009199244.1
YP_009380522.1	YP_009256198.1
YP_009380522.1	YP_009019183.1
YP_009380522.1	YP_010115717.1
YP_009380522.1	YP_009199610.1
YP_009553216.1	YP_009553216.1
YP_010800025.1	YP_010800025.1
YP_009724396.1	YP_009724396.1
NP_705592.1	NP_705592.1
NP_705592.1	NP_740604.1
NP_835353.1	NP_835353.1
NP_835353.1	YP_008439223.1
NP_835353.1	NP_839966.1
NP_835353.1	YP_009725308.1
NP_835353.1	YP_009944350.1
NP_835353.1	YP_009924394.1
NP_835353.1	YP_009047224.1
NP_835353.1	NP_828870.1
NP_835353.1	YP_009944321.1
NP_835353.1	YP_009944303.1
NP_835353.1	YP_001941186.1
NP_835353.1	YP_009755921.1
NP_835353.1	YP_009825025.1
NP_835353.1	NP_740630.1
NP_835353.1	YP_009555254.1
NP_835353.1	YP_209240.1
NP_835353.1	YP_009915684.1
NP_835353.1	YP_459942.1
NP_835353.1	YP_009924379.1
NP_835353.1	YP_009924353.1
NP_835353.1	YP_009924420.1
YP_009505583.1	YP_009505583.1
YP_005352854.1	YP_005352854.1
YP_005352854.1	YP_001351684.1
YP_005352854.1	YP_005352846.1
YP_005352854.1	YP_009201730.1
YP_005352854.1	YP_010037560.1
YP_005352854.1	YP_009755890.1
YP_005352854.1	YP_010799724.1
YP_005352854.1	YP_009513021.1
YP_005352854.1	YP_002308479.1
YP_005352854.1	YP_002308506.1
YP_005352854.1	YP_005352838.1
YP_005352854.1	YP_002308497.1
YP_005352854.1	YP_010799730.1
YP_005352854.1	YP_010037474.1
YP_005352854.1	YP_010037468.1
YP_005352854.1	YP_001718612.1
YP_005352854.1	YP_009199790.1
YP_005352854.1	YP_001718605.1
YP_005352854.1	YP_006908642.1
YP_005352854.1	YP_008439202.1
YP_005352854.1	YP_010799343.1
YP_005352854.1	YP_009256197.1
YP_005352854.1	YP_009199242.1
YP_005352854.1	NP_598310.1
YP_005352854.1	YP_009199609.1
YP_005352854.1	NP_058424.1
YP_005352854.1	YP_004070194.1
YP_005352854.1	YP_005352863.1
YP_005352854.1	YP_009328935.1
YP_005352854.1	YP_009194639.1
YP_005352854.1	YP_003767.1
YP_005352854.1	NP_073551.1
YP_005352854.1	YP_009824967.1
YP_005352854.1	YP_005352881.1
YP_005352854.1	YP_010115716.1
YP_005352854.1	YP_005352871.1
YP_005352854.1	YP_009019182.1
YP_009924409.1	YP_009924409.1
YP_009924409.1	YP_009944254.1
YP_009924409.1	YP_009924331.1
YP_009924409.1	YP_009924357.1
YP_009924409.1	YP_009915673.1
YP_009924409.1	YP_009924368.1
YP_009924409.1	YP_009924342.1
YP_009924409.1	YP_209244.2
YP_009924409.1	YP_009915688.1
YP_009924409.1	YP_009555246.1
YP_009924409.1	YP_009924319.1
YP_009924409.1	YP_009944269.1
YP_009924409.1	YP_460018.1
YP_002308504.1	YP_002308504.1
YP_009924383.1	YP_009924383.1
YP_001876442.1	YP_001876442.1
YP_009047212.1	YP_009047212.1
YP_009047212.1	YP_009944280.1
YP_009067071.1	YP_009067071.1
YP_009067071.1	YP_009067057.1
YP_009344815.1	YP_009344815.1
YP_009666259.1	YP_009666259.1
YP_009333323.1	YP_009333323.1
YP_009362014.1	YP_009362014.1
YP_009362014.1	YP_009037601.1
YP_009362014.1	YP_009824953.1
YP_009362014.1	YP_009249818.1
YP_009362014.1	YP_009505577.1
YP_009362014.1	YP_009140486.1
YP_009380527.1	YP_009380527.1
YP_009505564.1	YP_009505564.1
YP_009052481.1	YP_009052481.1
YP_009755879.1	YP_009755879.1
YP_009755879.1	YP_009344972.1
YP_009755879.1	YP_010800024.1
YP_009755898.1	YP_009755898.1
YP_010800855.1	YP_010800855.1
YP_010800376.1	YP_010800376.1
NP_042574.1	NP_042574.1
NP_042574.1	YP_009214660.1
NP_042574.1	YP_009667149.1
NP_042574.1	YP_009824958.1
NP_042574.1	YP_009337025.1
NP_042574.1	YP_009505549.1
NP_042574.1	NP_047408.1
NP_042574.1	YP_009551705.1
NP_042574.1	YP_010796259.1
YP_009037599.1	YP_009037599.1
YP_803217.1	YP_803217.1
YP_001876443.1	YP_001876443.1
YP_005352859.1	YP_005352859.1
YP_006908647.1	YP_006908647.1
YP_006908647.1	YP_010037479.1
YP_009140479.1	YP_009140479.1
YP_009333324.1	YP_009333324.1
YP_009505565.1	YP_009505565.1
YP_009505565.1	YP_009121781.1
YP_009505565.1	YP_009505578.1
YP_009505565.1	YP_009249819.1
YP_009505565.1	YP_009824954.1
YP_009505565.1	NP_203550.2
YP_009505565.1	YP_009222003.1
YP_009505565.1	YP_009067059.1
YP_009505565.1	YP_009067073.1
YP_009505565.1	YP_009344816.1
YP_009505565.1	YP_009362015.1
YP_009505565.1	YP_009140487.1
YP_009052482.1	YP_009052482.1
YP_009052482.1	YP_009408176.1
YP_009052482.1	YP_010799553.1
YP_009052482.1	YP_009755850.1
YP_009755848.1	YP_009755848.1
YP_009755848.1	YP_009052480.1
YP_009755848.1	YP_009408174.1
YP_009755848.1	YP_010799551.1
YP_009755899.1	YP_009755899.1
YP_010799914.1	YP_010799914.1
YP_010800856.1	YP_010800856.1
YP_010800377.1	YP_010800377.1
NP_042575.1	NP_042575.1
YP_009222000.1	YP_009222000.1
YP_009222000.1	YP_009067070.1
YP_009222000.1	YP_009067056.1
YP_009121782.1	YP_009121782.1
YP_009551698.1	YP_009551698.1
YP_009551698.1	YP_009505590.1
YP_009551698.1	YP_009448185.1
YP_009551698.1	YP_009505587.1
YP_009551698.1	YP_010800379.1
YP_009551698.1	YP_010800375.1
YP_009551698.1	YP_010800405.1
YP_009755861.1	YP_009755861.1
YP_009755910.1	YP_009755910.1
YP_009825022.1	YP_009825022.1
