-,A,C,D,E,F,G,H,I,K,L,M,N,P,Q,R,S,T,V,Y
0.0,0.0,0.0,0.0,0.0,0.0,0.0,0.0,0.0,0.0,0.0,0.0,0.0,0.0,1.0,0.0,0.0,0.0,0.0,0.0
0.0,0.0,0.0,0.0,0.0,0.0,0.0,1.0,0.0,0.0,0.0,0.0,0.0,0.0,0.0,0.0,0.0,0.0,0.0,0.0
0.0,0.0,0.0,0.0,0.0,0.0,0.0,0.0,0.0,0.0,0.0,0.0,0.0,0.0,0.0,0.0,0.01020408163265306,0.9897959183673469,0.0,0.0
0.0,0.0,0.0,0.0,0.0,0.0,0.0,0.0,0.02040816326530612,0.0,0.19387755102040816,0.6938775510204082,0.0,0.0,0.0,0.0,0.0,0.0,0.09183673469387756,0.0
0.6122448979591837,0.0,0.0,0.0,0.0,0.0,0.0,0.0,0.0,0.0,0.0,0.01020408163265306,0.0,0.0,0.37755102040816324,0.0,0.0,0.0,0.0,0.0
0.0,0.0,0.0,0.0,0.0,0.02040816326530612,0.0,0.0,0.3469387755102041,0.0,0.5306122448979592,0.0,0.0,0.0,0.0,0.0,0.0,0.0,0.04081632653061224,0.061224489795918366
0.0,0.08163265306122448,0.01020408163265306,0.0,0.0,0.0,0.0,0.0,0.12244897959183673,0.0,0.0,0.0,0.0,0.0,0.01020408163265306,0.0,0.0,0.05102040816326531,0.7244897959183674,0.0
0.0,0.0,0.0,0.37755102040816324,0.20408163265306123,0.0,0.04081632653061224,0.0,0.0,0.35714285714285715,0.0,0.0,0.0,0.0,0.0,0.0,0.0,0.02040816326530612,0.0,0.0
0.0,0.02040816326530612,0.0,0.08163265306122448,0.09183673469387756,0.0,0.08163265306122448,0.09183673469387756,0.030612244897959183,0.10204081632653061,0.0,0.19387755102040816,0.0,0.061224489795918366,0.07142857142857142,0.01020408163265306,0.04081632653061224,0.0,0.11224489795918367,0.01020408163265306
0.0,0.01020408163265306,0.0,0.5612244897959183,0.12244897959183673,0.0,0.15306122448979592,0.01020408163265306,0.0,0.02040816326530612,0.0,0.0,0.12244897959183673,0.0,0.0,0.0,0.0,0.0,0.0,0.0
0.0,0.0,0.0,0.14285714285714285,0.01020408163265306,0.0,0.826530612244898,0.0,0.0,0.0,0.0,0.0,0.02040816326530612,0.0,0.0,0.0,0.0,0.0,0.0,0.0
0.0,0.0,0.0,0.40816326530612246,0.20408163265306123,0.0,0.0,0.0,0.0,0.21428571428571427,0.0,0.0,0.01020408163265306,0.0,0.0,0.0,0.030612244897959183,0.1326530612244898,0.0,0.0
0.3979591836734694,0.0,0.0,0.07142857142857142,0.09183673469387756,0.0,0.08163265306122448,0.01020408163265306,0.0,0.0,0.0,0.01020408163265306,0.0,0.17346938775510204,0.04081632653061224,0.0,0.02040816326530612,0.0,0.0,0.10204081632653061
0.0,0.0,0.01020408163265306,0.0,0.0,0.0,0.0,0.0,0.0,0.09183673469387756,0.0,0.0,0.0,0.0,0.0,0.02040816326530612,0.0,0.0,0.30612244897959184,0.5714285714285714
0.0,0.0,0.0,0.0,0.0,0.14285714285714285,0.0,0.0,0.0,0.0,0.0,0.0,0.0,0.0,0.0,0.0,0.0,0.0,0.0,0.8571428571428571
0.0,0.0,0.0,0.0,0.0,0.0,0.0,0.0,0.0,0.0,0.9897959183673469,0.0,0.0,0.0,0.0,0.0,0.0,0.0,0.0,0.01020408163265306
0.0,0.0,0.0,0.0,0.0,0.0,0.0,0.0,0.0,0.0,0.0,0.0,0.0,1.0,0.0,0.0,0.0,0.0,0.0,0.0
0.0,0.0,0.0,0.0,0.0,0.0,0.0,0.0,0.0,0.0,0.0,0.0,0.0,0.0,0.0,0.0,0.0,0.0,0.01020408163265306,0.9897959183673469
