A,C,D,F,G,I,L,M,S,V
0.0,0.0,0.0,0.0,0.10204081632653061,0.0,0.0,0.0,0.8979591836734694,0.0
0.0,0.0,0.0,0.0,0.0,0.0,0.24489795918367346,0.7551020408163265,0.0,0.0
0.0,0.0,0.0,0.0,0.0,0.02040816326530612,0.0,0.9795918367346939,0.0,0.0
0.0,0.0,0.0,0.0,0.0,1.0,0.0,0.0,0.0,0.0
0.0,0.0,0.0,0.02040816326530612,0.0,0.0,0.9795918367346939,0.0,0.0,0.0
0.0,0.0,0.0,0.0,0.0,0.0,0.0,0.0,1.0,0.0
0.0,0.0,0.9795918367346939,0.0,0.02040816326530612,0.0,0.0,0.0,0.0,0.0
0.0,0.0,1.0,0.0,0.0,0.0,0.0,0.0,0.0,0.0
0.061224489795918366,0.0,0.0,0.0,0.9081632653061225,0.0,0.0,0.0,0.030612244897959183,0.0
0.0,0.0,0.0,0.0,0.0,0.0,0.0,0.0,0.0,1.0
0.10204081632653061,0.02040816326530612,0.0,0.0,0.0,0.0,0.0,0.0,0.0,0.8775510204081632
0.0,1.0,0.0,0.0,0.0,0.0,0.0,0.0,0.0,0.0
